species ,Name,Name.2,Species.Code,ScientificName_accepted,North Region,Central Region,South Region,Region Notes,Genus,Species,pisco_classcode,genus,species,common_name_PISCO,Kingdom,Phylum,Class,Order,Family,juv_size_cutoff_cm,WL_a,WL_b,WL_W_units,WL_L_units,WL_input_length,source_LW_LC,WL_Reference_Notes,LC.a._for_WL,LC.b._for_WL,LC_type_for_WL,LL_Reference_Notes_for_WL,LL_Equation_for_WL,Max_Length_fishbase,Size_Mature_cm,SM_input_length,F_SM_Notes,source_maturity,No.Lat,So.Lat,source_biogeography,TrophicGroup,BroadTrophic,source_trophic,Fished,notes_trophic_targeted,recreational_legal_size_in_TL_2020,commercial_legal_size_in_TL_2020,legal_size_in,yoy_size,yoy_code,thermal_composite_class,thermal_agreement,source_thermal,feeding_mode,water_column_position,mobility,substrate_association,source_behavior,biomass_buster,F_Type_toupdate,F_a_toupdate,F_b_toupdate,F_L_units_toupdate,F_input_length_toupdate,L_conversion_toupdate,Description_toupdate,Output.units_toupdate,F_Citation_toupdate,source_fecundity_toupdate,fecundity_notes_toupdate
Barred.Sand.Bass,Other,Other,BSB,Paralabrax nebulifer,FALSE,TRUE,TRUE,Fish Base,Paralabrax,nebulifer,PNEB,Paralabrax,nebulifer,Barred Sandbass,Animalia,Chordata,Actinopterygii,Perciformes,Serranidae,10,2.89E-05,2.9522,g,mm,SL,VRG,Williams et al. 2013,1.1537,0.47728,REVERSE,Williams et al. 2013,TL= 1.1537 *SL + 4.7728,67,,,,,37,24,VRG,macro-invertivore,carnivore,PISCO Fish size_trophic_table,Targeted,,14,,14,,,Warm,High,Freedman,discriminant predator,benthopelagic (near the bottom),mobile (>1000m),soft,PISCO species functional groups table,0,,,,,,,,,,,
Bat.Ray,Other,Other,RAY,Myliobatis californica,TRUE,TRUE,TRUE,Miller and Lea,Myliobatis,californica,BRAY,Myliobatis,californica,Bat Ray,Animalia,Chordata,Elasmobranchii,Myliobatiformes,Myliobatidae,10,2.32E-05,2.9433,g,mm,DW,VRG,Williams et al. 2013,,,,,,180,,,,,44,23,VRG,macro-invertivore,carnivore,PISCO Fish size_trophic_table,Targeted,,,,,,,Warm,Moderate,Freedman,discriminant predator,benthopelagic (near the bottom),mobile (>1000m),soft,PISCO species functional groups table,1,,,,,,,,,,,
Bigmouth.Sole,Other,Other,BMS,Hippoglossina stomata,FALSE,TRUE,TRUE,Fish Base,Hippoglossina,stomata,,,,,,,,,Paralichthyidae,,,,,,,,,,,,,,,,,,,,,,macro-invertivore,carnivore,Fishbase and Discoverlife ,Targeted,,,,,,,,,,discriminant predator,benthopelagic (near the bottom),,soft,Fishbase (some info guessed based on behaviour description),,,,,,,,,,,,
Black.Rockfish,Black Rockfish,Black Rockfish,BLA,Sebastes melanops,TRUE,TRUE,TRUE,Miller and Lea - More common from AK to central CA,Sebastes,melanops,SMEL,Sebastes,melanops,Black Rockfish,Animalia,Chordata,Actinopterygii,Scorpaeniformes,Sebastidae,10,5.81E-06,3.187,g,mm,TL,VRG,Lea et al. 1999,,,,,,63,30,TL,Wyllie Echeverria 1987,PISCO SAS code,51,33,VRG,piscivore,piscivore,PISCO Fish size_trophic_table,Targeted,,,,,10,OYB,Cool,High,Freedman,discriminant predator,resident pelagic (upper water column),mobile (>1000m),rock,PISCO species functional groups table,0,F,,,,,,64098*(fish_tl)-2083531,g?,"Wallace & Tagart 1994, Wyllie Echeverria 1987",PISCO SAS code,
Black.Seaperch,Other,Other,BSP,Embiotoca jacksoni,TRUE,TRUE,TRUE,Miller and Lea - Fort Bragg to Baja MEX,Embiotoca,jacksoni,EJAC,Embiotoca,jacksoni,Black Surfperch,Animalia,Chordata,Actinopterygii,Perciformes,Embiotocidae,10,8.00E-06,3.3244,g,mm,SL,VRG,Miller et al. 2008,0.799,-0.407,TYPICAL,RecFIN,(SL = aTL+b)cm,39,19,TL,Female Size at maturity 29cm (Wares 1971),VRG,39,26,VRG,micro-invertivore,carnivore,PISCO Fish size_trophic_table,Non-targeted,,,,,,,Warm,Low,Freedman,discriminant predator,benthopelagic (near the bottom),mobile (10-100m),rock,PISCO species functional groups table,0,,-12.8,0.12,mm,SL,NEED TO UPDATE,linear F=a+b*L,,,Length_Fecundity from CAMEO Kelpforest database,
Black.and.Yellow.Rockfish,Black and Yellow Rockfish,Black and Yellow Rockfish,BAY,Sebastes chrysomelas,TRUE,TRUE,TRUE,Miller and Lea,Sebastes,chrysomelas,SCHR,Sebastes,chrysomelas,Black And Yellow Rockfish,Animalia,Chordata,Actinopterygii,Scorpaeniformes,Sebastidae,5,1.12E-05,3.114,g,mm,TL,VRG,Lea et al. 1999,,,,,,39,24.3,TL,Zaitlin 1986,PISCO SAS code,40,27,VRG,piscivore/invertivore,piscivore,PISCO Fish size_trophic_table,Targeted,,,10,10,10,KGB,Cool,Low,Freedman,discriminant predator,benthic (on/in the bottom),mobile (10-100m),rock,PISCO species functional groups table,0,F,1.36E-05,5.59,mm,SL,NEED TO UPDATE,power law F=a*L^b,eggs,"Zaitlin 1986, Lea et al 1999",Length_Fecundity from CAMEO Kelpforest database,"check value for a, disagreement across sources"
Blacksmith,Other,Other,BLM,Chromis punctipinnis,FALSE,TRUE,TRUE,"Miller and Lea - Monterey Bay, central CA to Baja MEX",Chromis,punctipinnus,CPUN,Chromis,punctipinnis,Blacksmith,Animalia,Chordata,Actinopterygii,Perciformes,Pomacentridae,10,2.69E-05,3.0177,g,mm,SL,VRG,Williams et al. 2013,1.27,0,REVERSE,FishBase,TL=1.27SL,25,,,,,36,27,VRG,planktivore,planktivore,PISCO Fish size_trophic_table,Non-targeted,,,,,5,CPUNYOY,Warm,High,Freedman,discriminant predator,resident pelagic (upper water column),mobile (10-100m),rock,PISCO species functional groups table,0,,,,,,,,,,,
Blue.Rockfish,Blue Rockfish,Blue Rockfish,BLU,Sebastes mystinus,TRUE,TRUE,TRUE,Miller and Lea - Common off central and southern CA,Sebastes,mystinus,SMYS,Sebastes,mystinus,Blue Rockfish,Animalia,Chordata,Actinopterygii,Scorpaeniformes,Sebastidae,10,9.77E-06,3.09,g,mm,TL,VRG,Lea et al. 1999,,,,,,61,19.6,TL,Lea et al 1999,PISCO SAS code,60,31,VRG,planktivore,planktivore,PISCO Fish size_trophic_table,Targeted,,,,,10,SMYSYOY,Cool,High,Freedman,discriminant predator,resident pelagic (upper water column),mobile (>1000m),rock,PISCO species functional groups table,0,NS,NA,NA,NA,NA,,(eggs = 211841*wt(kg) + 62585),#eggs,Key 2008,VRG,
Blue.Deacon.Rockfish,Blue/Deacon Rockfish,Blue/Deacon Rockfish,BLU,Sebastes mystinus,TRUE,TRUE,TRUE,Miller and Lea - Common off central and southern CA,Sebastes,mystinus,SMYS,Sebastes,mystinus,Blue Rockfish,Animalia,Chordata,Actinopterygii,Scorpaeniformes,Sebastidae,10,9.77E-06,3.09,g,mm,TL,VRG,Lea et al. 1999,,,,,,61,19.6,TL,Lea et al 1999,PISCO SAS code,60,31,VRG,planktivore,planktivore,PISCO Fish size_trophic_table,Targeted,,,,,10,SMYSYOY,Cool,High,Freedman,discriminant predator,resident pelagic (upper water column),mobile (>1000m),rock,PISCO species functional groups table,0,NS,4.37E-08,5.081,mm,TL,,F=a*L^b,#eggs,Schmidt thesis MLML 2014,VRG,
Bocaccio,Other,Other,BCO,Sebastes paucispinis,TRUE,TRUE,TRUE,Miller and Lea,Sebastes,paucispinis,SPAU,Sebastes,paucispinis,Bocaccio,Animalia,Chordata,Actinopterygii,Scorpaeniformes,Sebastidae,10,5.83E-09,3.0941,kg,mm,TL,VRG,RecFIN,,,,,,91,36,TL,(Female L50 - Love 1990) multiple broods per year,VRG,57,29,Biogeography database Fish from Ecol of Marine FIshes Appendix 1-1,piscivore/invertivore,piscivore,PISCO Fish size_trophic_table,Targeted,,,,,10,SPAUYOY,Cool,Moderate,Freedman,discriminant predator,benthopelagic (near the bottom),mobile (>1000m),rock,PISCO species functional groups table,0,F,1.16,3.2696,cm,TL,1,F=aTL(cm)^b    egg production (Eggs excised from ovarian membrane and  in Gilson's solution),eggs/gonad,"Love 1990 (multiplied \a\"" by 1000 since units were 1000's of eggs)""","VRG - different from PISCO SAS code, check numbers",
Brown.Rockfish,Brown Rockfish,Brown Rockfish,BWN,Sebastes auriculatus,TRUE,TRUE,TRUE,"Miller and Lea - Common from Bodega Bay, CA to Baja MEX",Sebastes,auriculatus,SAUR,Sebastes,auriculatus,Brown Rockfish,Animalia,Chordata,Actinopterygii,Scorpaeniformes,Sebastidae,8,0.044,2.74,g,cm,TL,VRG,Love and Johnson 1998,,,,,,56,26.4,TL,(Female L50 - Love 1998),VRG,57,26,VRG,piscivore/invertivore,piscivore,PISCO Fish size_trophic_table,Targeted,,,,,10,RYOY,Cool,High,Freedman,discriminant predator,benthic (on/in the bottom),mobile (100-1000m),rock,PISCO species functional groups table,0,F,0.000363,3.34124,mm,TL,1,F= aTL (mm)^b,eggs,Garrison 1982,VRG,
Buffalo.Sculpin,Other,Other,BUF,Enophrys bison,TRUE,TRUE,FALSE,"Miller and Lea - Aleutian Isl. to Monterey, central CA",Enophrys,bison,EBIS,Enophrys,bison,Buffalo Sculpin,Animalia,Chordata,Actinopterygii,Scorpaeniformes,Cottidae,10,1.79E-08,2.896,kg,mm,TL,VRG,RecFIN,,,,,,37,,,,,57,36,VRG,micro-invertivore,carnivore,Love 2011,Non-targeted,,,,,,,Cool,High,Freedman,discriminant predator,benthic (on/in the bottom),mobile (10-100m),rock,PISCO species functional groups table,0,,,,,,,,,,,
Bull.Sculpin,Other,Other,BUS,Enophrys taurina,TRUE,TRUE,TRUE,"Miller and Lea - Fort Bragg, CA to Santa Catalina and San Nicolas Islands, southern CA",Enophrys,taurina,ETAU,Enophrys,taurina,Bull sculpin,Animalia,Chordata,Actinopterygii,Scorpaeniformes,Cottidae,3,0.036821,2.747424,g,cm,TL,VRG,Love unpublished data,,,,,,17,,,,,38,33,Fishbase,micro-invertivore,carnivore,Fishbase,Non-targeted,,,,,,,,,,discriminant predator,benthic (on/in the bottom),mobile (10-100m),rock,Fishbase (some info guessed based on similar species),,,,,,,,,,,,
Cabezon,Cabezon,Cabezon,CBZ,Scorpaenichthys marmoratus,TRUE,TRUE,TRUE,Miller and Lea - AK to Baja MEX,Scorpaenichthys,marmoratus,SMAR,Scorpaenichthys,marmoratus,Cabezon,Animalia,Chordata,Actinopterygii,Scorpaeniformes,Cottidae,10,5.50E-06,3.185,g,mm,TL,VRG,Lea et al. 1999,,,,,,99,44.5,TL,Fitch and Lavenberg 1971,PISCO SAS code,56,26,VRG,macro-invertivore,carnivore,Love 2011,Targeted,Changed to benthic-macroinvertivore from piscivore based on Love 2011. Largest individuals eat some fish but inverts are important to all size classes.,15,15,15,,,Cool,Moderate,Freedman,discriminant predator,benthic (on/in the bottom),mobile (10-100m),rock,PISCO species functional groups table,0,,-87.54,0.29,mm,TL,1,linear F=a+b*L,,,Length_Fecundity from CAMEO Kelpforest database,
Calico.Rockfish,Other,Other,CAL,Sebastes dallii,FALSE,TRUE,TRUE,Miller and Lea - San Francisco CA to Baja MEX,Sebastes,dalli,SDAL,Sebastes,dallii,Calico Rockfish,Animalia,Chordata,Actinopterygii,Scorpaeniformes,Sebastidae,5,0.00945,3.21542,g,cm,TL,VRG,Love et al. 1990,,,,,,25,9,TL,(Female L50 - Love 1990) one brood per year,VRG,37,27,Biogeography database Fish from Ecol of Marine FIshes Appendix 1-1,macro-invertivore,carnivore,VRG,Targeted,,,,,10,RYOY,Warm,High,Freedman,discriminant predator,benthopelagic (near the bottom),mobile (10-100m),rock,PISCO species functional groups table,0,F,0.211,4.0981,cm,TL,1,F=aTL(cm)^b    egg production (Eggs excised from ovarian membrane and  in Gilson's solution),eggs/gonad,"Love 1990 (multiplied \a\"" by 1000 since units were 1000's of eggs)""",VRG,
California.Halibut,Other,Other,HAL,Paralichthys californicus,TRUE,TRUE,TRUE,"Miller and Lea - WA to Baja MEX. Common from Tomales Bay, norther ncA to Baja MEX",Paralichthys,californicus,PCAL,Paralichthys,californicus,California Halibut,Animalia,Chordata,Actinopterygii,Pleuronectiformes,Paralichthyidae,10,2.55E-05,2.9127,g,mm,SL,VRG,Williams et al. 2013,1.1582,0.82566,REVERSE,Williams et al. 2013,TL= 1.1582 *SL + 8.2566,152,,,,,50,25,VRG,piscivore,piscivore,PISCO Fish size_trophic_table,Targeted,,22,22,22,,,Warm,Moderate,Freedman,discriminant predator,benthic (on/in the bottom),mobile (>1000m),soft,PISCO species functional groups table,0,,,,,,,,,,,
California.Lizardfish,California Lizardfish,California Lizardfish,LEZ,Synodus lucioceps,TRUE,TRUE,TRUE,Miller and Lea - CAN to MEX. Common from southern CA to MEX - in some years common at least as far north as SF area,Synodus,lucioceps,SLUC,Synodus,lucioceps,California Lizardfish,Animalia,Chordata,Actinopterygii,Aulopiformes,Synodontidae,10,2.12E-06,3.2551,g,mm,SL,VRG,Williams et al. 2013,1.147,-0.16583,REVERSE,Williams et al. 2013,TL= 1.147 *SL + -1.6583,64,,,,,38,28,VRG,piscivore,piscivore,PISCO Fish size_trophic_table,Non-targeted,,,,,,,Warm,High,Freedman,discriminant predator,benthic (on/in the bottom),mobile (10-100m),soft,PISCO species functional groups table,0,,,,,,,,,,,
California.Scorpionfish,Other,California Scorpionfish,CSC,Scorpaena guttata,FALSE,TRUE,TRUE,"Miller and Lea - Santa Cruz, central CA to Gulf of California",Scorpaena,guttata,SGUT,Scorpaena,guttata,California Scorpionfish,Animalia,Chordata,Actinopterygii,Scorpaeniformes,Scorpaenidae,10,3.66E-05,2.9831,g,mm,SL,VRG,Williams et al. 2013,1.2258,0.11535,REVERSE,Williams et al. 2013,TL= 1.2258 *SL + 1.1535,43,18,TL,Female Size at maturity 18cm (Love 1987),VRG,37,24,VRG,piscivore,piscivore,PISCO Fish size_trophic_table,Targeted,,10,10,10,,,Warm,High,Freedman,discriminant predator,benthic (on/in the bottom),mobile (>1000m),sand-rock,PISCO species functional groups table,0,NO,NA,NA,NA,NA,,NA,NA,NA,VRG,
California.Sheephead,Other,California Sheephead,SHP,Semicossyphus pulcher,FALSE,TRUE,TRUE,"Miller and Lea - Monterey Bay, central CA to Baja MEX",Semicossyphus,pulcher,SPUL,Semicossyphus,pulcher,California Sheephead,Animalia,Chordata,Actinopterygii,Perciformes,Labridae,10,8.45E-05,2.8047,g,mm,SL,VRG,Williams et al. 2013,0.8,0.323,TYPICAL,Hamilton et al 2011,SL=0.80TL+0.323,91,24.06738869,TL,Caselle,PISCO SAS code,37,22,VRG,macro-invertivore,carnivore,PISCO Fish size_trophic_table,Targeted,,12,13,12,10,SPULYOY,Warm,High,Freedman,discriminant predator,benthopelagic (near the bottom),mobile (10-100m),rock,PISCO species functional groups table,0,F,0.000000003,5.537,mm,SL,,F=a*L^b,,Loke smith et al 2012,Length_Fecundity from CAMEO Kelpforest database,
Canary.Rockfish,Canary Rockfish,Canary Rockfish,CNY,Sebastes pinniger,TRUE,TRUE,TRUE,Miller and Lea - Common from CAN to central CA,Sebastes,pinniger,SPIN,Sebastes,pinniger,Canary Rockfish,Animalia,Chordata,Actinopterygii,Scorpaeniformes,Sebastidae,10,6.88E-06,3.147,g,mm,TL,VRG,Lea et al. 1999,,,,,,76,44,TL,(Female L50 - Echeverria 1987),VRG,56,31,VRG,piscivore/invertivore,piscivore,PISCO Fish size_trophic_table,Targeted,,,,,10,SPINYOY,Cool,High,Freedman,discriminant predator,benthic (on/in the bottom),mobile (>1000m),rock,PISCO species functional groups table,0,F,0.112,4.021,cm,TL,1,F=aTL(cm)^b,eggs,Phillips 1964 (calculated from raw data),VRG,
Chilipepper.Rockfish,Other,Other,CHP,Sebastes goodei,TRUE,TRUE,TRUE,Miller and Lea - Common from Cape Mendocino to Baja MEX,Sebastes,goodei,SGOO,Sebastes,goodei,Chilipepper Rockfish,Animalia,Chordata,Actinopterygii,Scorpaeniformes,Sebastidae,10,0.0076,3.12,g,cm,TL,VRG,Love et al. 2002,,,,,,56,32,TL,range 29-39 cm,Fishbase,52,24,Fishbase,piscivore,carnivore,Fishbase,Targeted,,,,,10,RYOY,,,,discriminant predator,benthopelagic (near the bottom),mobile (100-1000m),sand-rock,Fishbase (mobility guessed based on similar species),,,,,,,,,,,,
China.Rockfish,China Rockfish,China Rockfish,CHN,Sebastes nebulosus,TRUE,TRUE,TRUE,"Miller and Lea - Southern extent is San Nicolas Island, Southern CA",Sebastes,nebulosus,SNEB,Sebastes,nebulosus,China Rockfish,Animalia,Chordata,Actinopterygii,Scorpaeniformes,Sebastidae,10,7.79E-06,3.177,g,mm,TL,VRG,Lea et al. 1999,,,,,,45,,,,,57,34,VRG,piscivore/invertivore,piscivore,PISCO Fish size_trophic_table,Targeted,,,12,12,10,RYOY,Cool,High,Freedman,discriminant predator,benthic (on/in the bottom),mobile (10-100m),rock,PISCO species functional groups table,0,,,,,,,,,,,
Chinook.Salmon,Other,Other,CSA,Oncorhynchus tshawytscha,TRUE,TRUE,TRUE,Miller and Lea - AK with strays as far south as Baja MEX. Common to central CA and in some years to southern CA,Oncorhynchus,tshawytscha,OTSH,Oncorhynchus,tshawytscha,Chinook Salmon,Animalia,Chordata,Actinopterygii,Salmoniformes,Salmonidae,10,9.44E-09,3,kg,mm,TL,VRG,RecFIN,,,,,,150,82,TL,,Fishbase,71,27,Fishbase,macro-invertivore,carnivore,Fishbase,Targeted,,20,27,20,,,,,,discriminant predator,benthopelagic (near the bottom),mobile (>1000m),sand-rock,Fishbase (some info guessed based on behaviour description),,,,,,,,,,,,
Common.Thresher.Shark,Other,Other,THR,Alopius vulpinus,TRUE,TRUE,TRUE,Miller and Lea,Alopius,vulpinus,,,,,,,,,Alopiidae,,,,,,,,,,,,,,,,,,,,,,piscivore,carnivore,Fishbase,Targeted,,,,,,,,,,discriminant predator,roaming pelagic,mobile (>1000m),none (pelagic),Fishbase (some info guessed based on behaviour description),,,,,,,,,,,,
Copper.Rockfish,Copper Rockfish,Copper Rockfish,CPR,Sebastes caurinus,TRUE,TRUE,TRUE,Miller and Lea - AK to Baja MEX,Sebastes,caurinus,SCAU,Sebastes,caurinus,Copper Rockfish,Animalia,Chordata,Actinopterygii,Scorpaeniformes,Sebastidae,10,8.98E-06,3.132,g,mm,TL,VRG,Lea et al. 1999,,,,,,58,29.5,TL,Lea et al 1999,PISCO SAS code,60,33,VRG,piscivore/invertivore,piscivore,PISCO Fish size_trophic_table,Targeted,,,,,10,KGB,Cool,High,Freedman,discriminant predator,benthic (on/in the bottom),mobile (10-100m),rock,PISCO species functional groups table,0,F,2.74E-08,4.9567,mm,TL,1,F= aTL (mm)^b,eggs,Matarese 1989,VRG,values different from Kelpforest database table
Deacon.Rockfish,Other,Other,DEA,Sebastes diaconus,TRUE,TRUE,TRUE,"Miller and Lea - Range CAN to Santa Rosa Island CA; Common from northern, CA to Morro Bay, CA",Sebastes,diaconus,,,,,,,,,Sebastidae,,,,,,,,,,,,,,,,,,,,,,planktivore,planktivore,Same as Blue Rockfish for PISCO species functional groups,Targeted,Same as Blue Rockfish for PISCO species functional groups,,,,,,,,,discriminant predator,resident pelagic (upper water column),mobile (>1000m),rock,Same as Blue Rockfish for PISCO species functional groups,,,,,,,,,,,,
Fantail.Sole,Other,Other,FAN,Xystreurys liolepis,FALSE,TRUE,TRUE,"Miller and Lea - Monterey, central CA to Baja MEX. Common fron southern CA southward",Xystreurys,liolepis,XLIO,Xystreurys,liolepis,Fantail Sole,Animalia,Chordata,Actinopterygii,Pleuronectiformes,Paralichthyidae,10,0.00000307,3.362,g,mm,SL,VRG,VRG in prep,,,,,,63.5,,,,,37,22,Fishbase,macro-invertivore,carnivore,Fishbase,Targeted,,,,,,,,,,discriminant predator,benthic (on/in the bottom),mobile (>1000m),sand-rock,Fishbase (some info guessed based on similar species),,,,,,,,,,,,
Freckled.Rockfish,Other,Other,FRK,Sebastes lentiginosus,FALSE,FALSE,TRUE,Miller and Lea - Point Conception to Baja MEX,Sebastes,lentiginosus,SLEN,Sebastes,lentiginosus,Freckled Rockfish,Animalia,Chordata,Actinopterygii,Scorpaeniformes,Sebastidae,5,2.27E-08,2.88,kg,mm,FL,VRG,Wildermuth 1983,,,,,,23,,,,,34,30,Fishbase,micro-invertivore,carnivore,none,Targeted,,,,,5,RYOY,,,,discriminant predator,benthopelagic (near the bottom),mobile (100-1000m),rock,Fishbase (some info guessed based on similar species),,,,,,,,,,,,
Garibaldi,Other,Other,GAR,Hypsypops rubicundus,FALSE,TRUE,TRUE,"Miller and Lea - Monterey Bay, central CA to Baja MEX",Hypsypops,rubicundus,HRUB,Hypsypops,rubicundus,Garibaldi,Animalia,Chordata,Actinopterygii,Perciformes,Pomacentridae,10,3.07E-05,3.1093,g,mm,SL,VRG,Williams et al. 2013,1.213,0,REVERSE,FishBase,TL=1.213SL,30,21.7,TL,Size at first repro 21.7 cm (Clarke 1970),VRG,36,24,VRG,micro-invertivore,carnivore,PISCO Fish size_trophic_table,Non-targeted,,,,,,,Warm,High,Freedman,discriminant predator,benthopelagic (near the bottom),mobile (1-10m),rock,PISCO species functional groups table,0,NS,NA,NA,NA,NA,,35eggs/g in each batch for fish over 21.7cm TL,# eggs,Demartini 1994,VRG,
Giant.Sea.Bass,Other,Other,,Stereolepis gigas,TRUE,TRUE,TRUE,"Miller and Lea - Humboldt Bay, northern CA to MEX. Common from southern CA southward",Stereolepis,gigas,SGIG,Stereolepis,gigas,Giant Sea Bass,Animalia,Chordata,Actinopterygii,Perciformes,Polyprionidae,10,0.000107,2.8032,g,mm,SL,VRG,Williams et al. 2013,1.2058,-1.08662,REVERSE,Williams et al. 2013,TL= 1.2058 *SL + -10.8662,250,,,,,40,30,VRG,piscivore,piscivore,PISCO Fish size_trophic_table,Non-targeted,,,,,,,Warm,Moderate,Freedman,discriminant predator,benthopelagic (near the bottom),mobile (10-100m),rock,PISCO species functional groups table,1,,,,,,,,,,,
Gopher.Rockfish,Gopher Rockfish,Gopher Rockfish,GPR,Sebastes carnatus,TRUE,TRUE,TRUE,Miller and Lea - Common arcross all regions,Sebastes,carnatus,SCAR,Sebastes,carnatus,Gopher Rockfish,Animalia,Chordata,Actinopterygii,Scorpaeniformes,Sebastidae,5,0.000172,2.6801,g,mm,SL,VRG,Williams et al. 2013,1.2,0,REVERSE,FishBase,TL=1.12SL,39,20.7,TL,Lea et al 1999,PISCO SAS code,42,27,VRG,piscivore/invertivore,piscivore,PISCO Fish size_trophic_table,Targeted,,,10,10,10,KGB,Eurythermal,Low,Freedman,discriminant predator,benthic (on/in the bottom),mobile (10-100m),rock,PISCO species functional groups table,0,,0.000363,3.3412,?,SL,,F=a*L^b,,,Length_Fecundity from CAMEO Kelpforest database,
Grass.Rockfish,Other,Other,GRS,Sebastes rastrelliger,TRUE,TRUE,TRUE,Miller and Lea - Common from Northern CA to Mex,Sebastes,rastrelliger,SRAS,Sebastes,rastrelliger,Grass Rockfish,Animalia,Chordata,Actinopterygii,Scorpaeniformes,Sebastidae,10,0.01,3.05,g,cm,TL,VRG,Wilson et al. 2012,,,,,,56,,,,,44,28,VRG,piscivore/invertivore,piscivore,PISCO Fish size_trophic_table,Targeted,,,12,12,10,RYOY,Cool,Low,Freedman,discriminant predator,benthic (on/in the bottom),mobile (1-10m),rock,PISCO species functional groups table,0,,5.267,3.006,?,TL,1,power law F=a*L^b,,,Length_Fecundity from CAMEO Kelpforest database,
Halfmoon,Other,Other,HLF,Medialuna californiensis,TRUE,TRUE,TRUE,Miller and Lea - CAN to corner of Gulf of California. Common from southern CA to Baja MEX,Medialuna,californiensis,MCAL,Medialuna,californiensis,Halfmoon,Animalia,Chordata,Actinopterygii,Perciformes,Kyphosidae,10,0.019562,2.962829,g,cm,TL,VRG,Love unpublished data,,,,,,48,,,,,41,23,Biogeography database Fish from Ecol of Marine FIshes Appendix 1-1,herbivore,herbivore,PISCO Fish size_trophic_table,Non-targeted,,,,,,,Warm,High,Freedman,discriminant predator,resident pelagic (upper water column),mobile (100-1000m),none (pelagic),PISCO species functional groups table,0,,,,,,,,,,,
Honeycomb.Rockfish,Other,Other,HCR,Sebastes umbrosus,FALSE,TRUE,TRUE,"Miller and Lea - Range from Point Pinos, Central CA to Baja MEX; Common from Santa Monica Bay, southern CA to Baja MEX",Sebastes,umbrosus,SUMB,Sebastes,umbrosus,Honeycomb Rockfish,Animalia,Chordata,Actinopterygii,Scorpaeniformes,Sebastidae,10,5.80E-09,3.1969,kg,mm,TL,VRG,RecFIN,,,,,,29.8,,,,,37,26,VRG,planktivore,planktivore,Love 2011,Targeted,,,,,10,RYOY,Warm,High,Freedman,discriminant predator,benthic (on/in the bottom),mobile (10-100m),rock,Fishbase (mobility guessed based on similar species),0,,,,,,,,,,,
Jack.Mackerel,Other,Other,JMK,Trachurus symmetricus,TRUE,TRUE,TRUE,Miller and Lea- Common along the Pacific Coast,Trachurus,symmetricus,TSYM,Trachurus,symmetricus,Jack Mackerel,Animalia,Chordata,Actinopterygii,Perciformes,Carangidae,10,7.00E-06,3.1246,g,mm,SL,VRG,Miller et al. 2008,0.795,0,TYPICAL,FishBase,SL=0.795*TL,81,,,,,57,24,VRG,planktivore,planktivore,PISCO Fish size_trophic_table,Targeted,Changed to targeted,,,,,,Warm,Low,Freedman,filter feeder (active),roaming pelagic,mobile (>1000m),none (pelagic),PISCO species functional groups table,1,,,,,,,,,,,
Jack.Smelt,Other,Other,JSM,Atherinopsis californiensis,TRUE,TRUE,TRUE,Miller and Lea - OR to Baja MEX,Atherinopsis,californiensis,,,,,,,,,Atherinopsidae,,,,,,,,,,,,,,,,,,,,,,planktivore,planktivore,Fishbase,,,,,,,,,,,filter feeder (active),roaming pelagic,,sand-rock,Fishbase (some info guessed based on behaviour description),,,,,,,,,,,,
Kelp.Bass,Other,Kelp Bass,KPB,Paralabrax clathratus,TRUE,TRUE,TRUE,"Miller and Lea - Columbia River, WA to Baja MEX. common from Point Conception southward",Paralabrax,clathratus,PCLA,Paralabrax,clathratus,"Kelp Bass, Calico Bass",Animalia,Chordata,Actinopterygii,Perciformes,Serranidae,10,2.09E-05,3.0106,g,mm,SL,VRG,Williams et al. 2013,1.1946,0.13103,REVERSE,Williams et al. 2013,TL= 1.1946 *SL + 1.3103,72,19,TL,Lea et al 1999,PISCO SAS code,46,24,VRG,piscivore,piscivore,PISCO Fish size_trophic_table,Targeted,,14,,14,10,PCLAYOY,Warm,Low,Freedman,discriminant predator,resident pelagic (upper water column),mobile (10-100m),soft,PISCO species functional groups table,0,F,,,mm,TL,,F=3.02log10TL-3.13,batch fecundity,Demartini 1989,PISCO SAS code,
Kelp.Greenling,Kelp Greenling,Kelp Greenling,KGL,Hexagrammos decagrammus,TRUE,TRUE,TRUE,"Miller and Lea - Common from AK to SB Channel Islands, CA",Hexagrammos,decagrammus,HDEC,Hexagrammos,decagrammus,Kelp Greenling,Animalia,Chordata,Actinopterygii,Scorpaeniformes,Hexagrammidae,10,3.56E-06,3.221,g,mm,TL,VRG,Moulton et al. 1977,,,,,,61,31.6,TL,Rothrock 1973,PISCO SAS code,55,32,Biogeography database Fish from Ecol of Marine FIshes Appendix 1-1,macro-invertivore,carnivore,PISCO Fish size_trophic_table,Targeted,,12,12,12,,,Cool,High,Freedman,discriminant predator,benthic (on/in the bottom),mobile (10-100m),rock,PISCO species functional groups table,0,,,,,,,,,,,
Kelp.Rockfish,Kelp Rockfish,Kelp Rockfish,KLP,Sebastes atrovirens,TRUE,TRUE,TRUE,"Miller and Lea - Range from Fort Bragg, CA to Baja MEX; Common from Point Reyes (North CA) to Baja MEX",Sebastes,atrovirens,SATR,Sebastes,atrovirens,Kelp Rockfish,Animalia,Chordata,Actinopterygii,Scorpaeniformes,Sebastidae,6,0.0239,2.862,g,cm,TL,VRG,Love et al. 2002,,,,Love et al. 2002,SL=0.797TL-1.483,42,15.8,TL,Romero 1988,PISCO SAS code,38,27,VRG,piscivore/invertivore,piscivore,PISCO Fish size_trophic_table,Targeted,,,10,10,10,KGB,Warm,Low,Freedman,discriminant predator,benthopelagic (near the bottom),mobile (10-100m),algae,PISCO species functional groups table,0,NS,2.10E-05,4.123,mm,SL,1.233,F=aL^b,eggs,"Romero 1988,Lea et al 1999",PISCO SAS code,
Lingcod,Lingcod,Lingcod,LCD,Ophiodon elongatus,TRUE,TRUE,TRUE,Miller and Lea,Ophiodon,elongatus,OELO,Ophiodon,elongatus,Lingcod,Animalia,Chordata,Actinopterygii,Scorpaeniformes,Hexagrammidae,10,1.16E-08,2.99,kg,mm,TL,VRG,RecFIN,,,,,,152,55.7,TL,Female 50% maturity 55.7 cm FL (Silberberg 2001),VRG,57,29,VRG,piscivore/invertivore,piscivore,PISCO Fish size_trophic_table,Targeted,,22,,22,,,Cool,High,Freedman,discriminant predator,benthic (on/in the bottom),mobile (>1000m),rock,PISCO species functional groups table,0,,0.0003026,3,?,?,?,power law F=a*L^b,,,Length_Fecundity from CAMEO Kelpforest database,
Longfin.Sanddab,Other,Other,LSD,Citharichthys xanthostigma,FALSE,TRUE,TRUE,Fishbase - Monterey CA through Costa Rica,Citharichthys,xanthostigma,,,,,,,,,Paralichthyidae,,,,,,,,,,,,,,,,,,,,,,piscivore/invertivore,carnivore,Fishbase and Discoverlife - mobile benthic worms; mobile benthic crustacea (shrimps/crabs); bony fishes.,Targeted,,,,,,,,,,discriminant predator,benthic (on/in the bottom),,soft,Fishbase and Discoverlife,,,,,,,,,,,,
Mackerel..Family.Scombridae.,Other,Other,MKL,,,,,,,,,,,,,,,,Scombridae,,,,,,,,,,,,,,,,,,,,,,piscivore,piscivore,Most likely same as Pacific Mackerel for PISCO species functional groups,Targeted,,,,,,,,,,filter feeder (active),roaming pelagic,mobile (>1000m),none (pelagic),Most likely same as Pacific Mackerel for PISCO species functional groups,,,,,,,,,,,,
Northern.Anchovy,Other,Other,ANC,Engraulis mordax,TRUE,TRUE,TRUE,Miller and Lea,Engraulis,mordax,EMOR,Engraulis,mordax,Northern Anchovy,Animalia,Chordata,Actinopterygii,Clupeiformes,Engraulidae,10,5.60E-06,2.984,g,mm,TL,VRG,RecFIN,,,,,,24.8,,,,,53,23,VRG,planktivore,planktivore,PISCO Fish size_trophic_table,Targeted,Changed BroadTrophic to planktivore,,,,,,Cool,Low,Freedman,filter feeder (active),roaming pelagic,mobile (>1000m),none (pelagic),PISCO species functional groups table,1,,,,,,,,,,,
Northern.Blue.Rockfish,Other,Other,NBL,,,,,,Sebastes,spp.,,,,,,,,,Sebastidae,,,,,,,,,,,,,,,,,,,,,,planktivore,planktivore,Same as Blue Rockfish for PISCO species functional groups,Targeted,Same as Blue Rockfish for PISCO species functional groups,,,,,,,,,discriminant predator,resident pelagic (upper water column),mobile (>1000m),rock,Same as Blue Rockfish for PISCO species functional groups,,,,,,,,,,,,
Ocean.Whitefish,Ocean Whitefish,Ocean Whitefish,WHT,Caulolatilus princeps,TRUE,TRUE,TRUE,Miller and Lea - CAN to Chile. Uncommon off central CA; common from southern CA southward,Caulolatilus,princeps,CPRI,Caulolatilus,princeps,Ocean Whitefish,Animalia,Chordata,Actinopterygii,Perciformes,Malacanthidae,10,3.04E-06,3.22,g,mm,TL,VRG,RecFIN,,,,,,102,,,,,50,-10,VRG,micro-invertivore,carnivore,PISCO Fish size_trophic_table,Targeted,,,,,,,Warm,High,Freedman,discriminant predator,benthopelagic (near the bottom),mobile (>1000m),soft,PISCO species functional groups table,0,,,,,,,,,,,
Olive.or.Yellowtail.Rockfish,Other,Other,OYT,,TRUE,TRUE,TRUE,"Miller and Lea - YTL: Common from northern CA to Baja MEX; OLV: Common from AK to San Miguel Island, CA",Sebastes,serranoides or flavidus,,,,,,,,,Sebastidae,,,,,,,,,,,,,,,,,,,,,,piscivore/invertivore,carnivore,Fishbase - same as olive and yellowtail spp.,Targeted,,,,,,,,,,discriminant predator,resident pelagic (upper water column),mobile (100-1000m),rock,Fishbase (some info guessed based on similar species),,,,,,,,,,,,
Olive.Rockfish,Olive Rockfish,Olive Rockfish,OLV,Sebastes serranoides,TRUE,TRUE,TRUE,Miller and Lea - Common from northern CA to Baja MEX,Sebastes,serranoides,SSER,Sebastes,serranoides,Olive Rockfish,Animalia,Chordata,Actinopterygii,Scorpaeniformes,Sebastidae,10,0.00000631,3.136,g,mm,TL,VRG,used Sebastes serranoides (Lea et al. 1999),,,,,,61,35,TL,range 32-39 cm,Fishbase,41,27,Fishbase,piscivore/invertivore,carnivore,Fishbase,Targeted,,,,,10,OYB,,,,discriminant predator,resident pelagic (upper water column),mobile (100-1000m),rock,Fishbase (some info guessed based on similar species),,,,,,,,,,,,
Opaleye,Other,Other,OPL,Girella nigricans,TRUE,TRUE,TRUE,Miller and Lea - OR to Baja MEX. Common from central CA southward,Girella,nigricans,GNIG,Girella,nigricans,Opaleye,Animalia,Chordata,Actinopterygii,Perciformes,Kyphosidae,10,1.45E-05,3.0492,g,mm,TL,VRG,RecFIN,,,,,,66,,,,,37,22,VRG,herbivore,herbivore,PISCO Fish size_trophic_table,Non-targeted,,,,,,,Warm,High,Freedman,discriminant predator,resident pelagic (upper water column),mobile (100-1000m),rock,PISCO species functional groups table,0,,,,,,,,,,,
Pacific..(Chub).Mackerel,Other,Other,PMK,Scomber japonicus,TRUE,TRUE,TRUE,Miller and Lea ,Scomber,japonicus,SJAP,Scomber,japonicus,"Pacific Mackerel, Greenback Mackerel",Animalia,Chordata,Actinopterygii,Perciformes,Scombridae,10,1.93E-05,2.9332,g,mm,SL,VRG,Williams et al. 2013,1.193,0.0881,REVERSE,van der Elst et al 1991,TL=.0881+1.193*SL,64,,,,,57,-30,VRG,piscivore,piscivore,PISCO Fish size_trophic_table,Targeted,,,,,,,Warm,Low,Freedman,filter feeder (active),roaming pelagic,mobile (>1000m),none (pelagic),PISCO species functional groups table,1,,,,,,,,,,,
Pacific.Barracuda,Other,Other,BAR,Sphyraena argentea,TRUE,TRUE,TRUE,"Miller and Lea - AK to Gulf of California MEX. Common from Southern CA southward, common into central CA during some warm water years",Sphyraena,argentea,SARG,Sphyraena,argentea,California Barracuda,Animalia,Chordata,Actinopterygii,Perciformes,Sphyraenidae,10,2.46E-05,2.7552,g,mm,SL,VRG,Williams et al. 2013,1.134,0,REVERSE,FishBase,TL=1.134*SL,145,,,,,57,22,VRG,piscivore,piscivore,PISCO Fish size_trophic_table,Targeted,,28,28,28,,,Warm,Moderate,Freedman,discriminant predator,roaming pelagic,mobile (>1000m),none (pelagic),PISCO species functional groups table,1,,,,,,,,,,,
Pacific.Bonito,Other,Other,PBO,Sarda chiliensis,TRUE,TRUE,TRUE,Miller and Lea - AK to Baja MEX,Sarda,chiliensis,,,,,,,,,Scombridae,,,,,,,,,,,,,,,,,,,,,,piscivore/invertivore,carnivore," fish (such as sardines and anchovies) as well as squid - Lewis, M. 2008. California Department of Fish and Wildlife. Pacific Bonito, Sarda chiliensis. Status of the Fisheries 2008. Web. https://nrm.dfg.ca.gov/FileHandler.ashx?DocumentID=34441&inline.",Targeted,,,,,,,,,,discriminant predator,roaming pelagic,mobile (>1000m),none (pelagic),Fishbase (some info guessed based on similar species),,,,,,,,,,,,
Pacific.Halibut,Other,Other,PHL,Hippoglossus stenolepis,TRUE,TRUE,TRUE,Miller and Lea - Sea of Japan to Baja MEX. Common from Sea of Japan to Northern CA,Hippoglossus,stenolepis,,,,,,,,,Pleuronectidae,,,,,,,,,,,,,,,,,,,,,,piscivore/invertivore,carnivore,"Fishbase - Feed on fishes, crabs, clams, squids, and other invertebrates",Targeted,,,,,,,,,,discriminant predator,benthic (on/in the bottom),,soft,,,,,,,,,,,,,
Pacific.Sanddab,Pacific Sanddab,Pacific Sanddab,PSD,Citharichthys sordidus,TRUE,TRUE,TRUE,Miller and Lea - AK to Baja MEX,Citharichthys,sordidus,CSOR,Citharichthys,sordidus,Pacific Sanddab,Animalia,Chordata,Actinopterygii,Pleuronectiformes,Paralichthyidae,10,0.00552,3.232454,g,cm,TL,VRG,Love and Nishimoto unpublished data,,,,,,41,,,,,60,23,VRG,micro-invertivore,carnivore,PISCO Fish size_trophic_table,Targeted,,,,,,,Cool,High,Freedman,discriminant predator,benthic (on/in the bottom),mobile (>1000m),soft,PISCO species functional groups table,0,,,,,,,,,,,
Pacific.Sardine,Other,Other,SRD,Sardinops sagax,TRUE,TRUE,TRUE,Miller and Lea,Sardinops,sagax,SSAG,Sardinops,sagax,Pacific Sardine,Animalia,Chordata,Actinopterygii,Clupeiformes,Clupeidae,10,1.19E-05,3.021,g,mm,SL,VRG,Williams et al. 2013,0.814,0,TYPICAL,FishBase,SL=0.813TL,39.5,,,,,55,23,VRG,planktivore,planktivore,PISCO Fish size_trophic_table,Targeted,,,,,,,Eurythermal,Low,Freedman,filter feeder (active),roaming pelagic,mobile (>1000m),none (pelagic),PISCO species functional groups table,1,,,,,,,,,,,
Painted.Greenling,Other,Other,PGL,Oxylebius pictus,TRUE,TRUE,TRUE,Miller and Lea,Oxylebius,pictus,OPIC,Oxylebius,pictus,Painted Greenling,Animalia,Chordata,Actinopterygii,Scorpaeniformes,Hexagrammidae,10,1.52E-05,3.1084,g,mm,SL,VRG,Williams et al. 2013,1.16,0,REVERSE,FishBase,TL=1.16SL,25,14,TL,Female Size at maturity 14cm (DeMartini 1980),VRG,54,29,VRG,micro-invertivore,carnivore,PISCO Fish size_trophic_table,Non-targeted,,,,,,,Cool,Moderate,Freedman,discriminant predator,benthic (on/in the bottom),mobile (1-10m),rock,PISCO species functional groups table,0,NS,NA,NA,NA,NA,,F(eggs)=82+35.73*wt(g) for females over 14cm,# eggs,DeMartini 1980,VRG,
Pelagic.Stingray,Other,Other,PSR,Pteroplatytrygon violacea,TRUE,TRUE,TRUE,Does occur British Columbia to Baja (Miller and Lea)  RARE,Pteroplatytrygon,violacea,,,,,,,,,Dasyatidae,,,,,,,,,,,,,,,,,,,,,,piscivore/invertivore,carnivore,Fishbase and Discoverlife - pelagic jellyfish/ctenophores; bony fishes; Pelagic crustacea; octopus/squid/cuttlefish,,,,,,,,,,,discriminant predator,roaming pelagic,mobile (>1000m),none (pelagic),Fishbase (some info guessed based on similar species),,,,,,,,,,,,
Petrale.Sole,Other,Other,PSL,Eopsetta jordani,TRUE,TRUE,TRUE,Miller and Lea - AK to Baja MEX,Eopsetta,jordani,EJOR,Eopsetta,jordani,Petrale Sole,Animalia,Chordata,Actinopterygii,Pleuronectiformes,Pleuronectidae,10,3.06E-09,3.2395,kg,mm,TL,RecFIN,,,,,,,70,44,TL,range 40-44 cm,Fishbase,67,31,Fishbase,macro-invertivore,carnivore,Fishbase,Targeted,,,,,,,,,,discriminant predator,benthic (on/in the bottom),mobile (>1000m),sand-rock,Fishbase (some info guessed based on similar species),,,,,,,,,,,,
Pile.Perch,Other,Other,PLP,Rhacochilus vacca,TRUE,TRUE,TRUE,Miller and Lea - CAN to Baja MEX,Rhacochilus,vacca,RVAC,Rhacochilus,vacca,Pile Surfperch,Animalia,Chordata,Actinopterygii,Perciformes,Embiotocidae,10,4.00E-05,2.9363,g,mm,SL,VRG,Miller et al. 2008,0.838,0,TYPICAL,FishBase,SL=0.838*TL,44.2,29,TL,Female Size at maturity 29cm (Wares 1971),VRG,56,29,VRG,macro-invertivore,carnivore,PISCO Fish size_trophic_table,Targeted,,,,,,,Cool,Moderate,Freedman,discriminant predator,benthopelagic (near the bottom),mobile (10-100m),rock,PISCO species functional groups table,0,,-66.05,0.347,?,SL,,linear F=a+b*L,,,Length_Fecundity from CAMEO Kelpforest database,
Quillback.Rockfish,Other,Other,QBK,Sebastes maliger,TRUE,TRUE,TRUE,Miller and Lea - Common from AK to central CA,Sebastes,maliger,SMAL,Sebastes,maliger,Quillback Rockfish,Animalia,Chordata,Actinopterygii,Scorpaeniformes,Sebastidae,10,1.26E-05,3.064,g,mm,TL,VRG,Moulton et al. 1977,,,,,,61,,,,,60,34,VRG,piscivore,piscivore,Love 2011,Targeted,,,,,10,RYOY,Cool,High,Freedman,discriminant predator,benthic (on/in the bottom),mobile (10-100m),rock,PISCO species functional groups table,0,,,,,,,,,,,
Rainbow.Seaperch,Other,Other,RSP,Hypsurus caryi,TRUE,TRUE,TRUE,"Miller and Lea - Cape Mendocino, northern CA to Baja MEX. Common from San Francisco Bay southward",Hypsurus,caryi,HCAR,Hypsurus,caryi,Rainbow Surfperch,Animalia,Chordata,Actinopterygii,Perciformes,Embiotocidae,10,2.00E-05,3.051,g,mm,SL,VRG,Miller et al. 2008,1.222,0,REVERSE,FishBase,TL=1.222SL,30,,,,,40,31,VRG,micro-invertivore,carnivore,PISCO Fish size_trophic_table,Targeted,,,,,,,Cool,Low,Freedman,discriminant predator,benthopelagic (near the bottom),mobile (10-100m),rock,PISCO species functional groups table,0,,-15.18,0.154,?,SL,,linear F=a+b*L,,,Length_Fecundity from CAMEO Kelpforest database,
Rock.Greenling,Other,Other,RGL,Hexagrammos lagocephalus,TRUE,TRUE,FALSE,Miller and Lea - Japan to Point Conception.,Hexagrammos,lagocephalus,HLAG,Hexagrammos,lagocephalus,Rock Greenling,Animalia,Chordata,Actinopterygii,Scorpaeniformes,Hexagrammidae,10,2.60E-08,2.8928,kg,mm,TL,VRG,RecFIN,,,,,,61,,,,,66,34,Fishbase,macro-invertivore,carnivore,PISCO Fish size_trophic_table,Targeted,,12,12,12,,,Cool,High,Freedman,discriminant predator,benthic (on/in the bottom),mobile (10-100m),rock,PISCO species functional groups table,0,,,,,,,,,,,
Rock.Sole,Other,Other,RSL,Lepidopsetta bilneata,TRUE,TRUE,TRUE,"Miller and Lea - Bering Sea AK to Cortes Bank and La Jolla, southern CA. Common through central CA",Lepidopsetta,bilineata,LBIL,Lepidopsetta,bilineata,Rock Sole,Animalia,Chordata,Actinopterygii,Pleuronectiformes,Pleuronectidae,10,2.27E-08,2.88,kg,mm,FL,VRG,Wildermuth 1983,,,,,,60,34,TL,,Fishbase,67,34,Fishbase,micro-invertivore,carnivore,Fishbase,Targeted,,,,,,,,,,discriminant predator,benthic (on/in the bottom),mobile (>1000m),sand-rock,Fishbase (mobility guessed based on similar species),,,,,,,,,,,,
Rock.Wrasse,Other,Other,RWS,Halichoeres semicinctus,FALSE,TRUE,TRUE,"Miller and Lea - Monterey Breakwater, central CA to Baja MEX",Halichoeres,semicinctus,HSEM,Halichoeres,semicinctus,Rock Wrasse,Animalia,Chordata,Actinopterygii,Perciformes,Labridae,10,4.50E-06,3.16,g,mm,TL,VRG,RecFIN,,,,,,38,,,,,34,23,VRG,micro-invertivore,carnivore,PISCO Fish size_trophic_table,Non-targeted,,,,,5,HSEMYOY,Warm,High,Freedman,discriminant predator,benthopelagic (near the bottom),mobile (10-100m),rock,PISCO species functional groups table,0,,,,,,,,,,,
Rosy.Rockfish,Rosy Rockfish,Rosy Rockfish,RSY,Sebastes rosaceus,TRUE,TRUE,TRUE,Miller and Lea - Common from northern CA to Baja MEX,Sebastes,rosaceus,SROS,Sebastes,rosaceus,Rosy Rockfish,Animalia,Chordata,Actinopterygii,Scorpaeniformes,Sebastidae,10,9.89E-06,3.068,g,mm,TL,VRG,Lea et al. 1999,,,,,,36,15,TL,(Female L50 - Love 1990) multiple broods per year,VRG,60,27,Fishbase,macro-invertivore,carnivore,VRG,Targeted,,,,,10,RYOY,Cool,High,Freedman,discriminant predator,benthopelagic (near the bottom),mobile (10-100m),rock,PISCO species functional groups table,0,F,0.74,3.6497,cm,TL,1,F=aTL(cm)^b    egg production (Eggs excised from ovarian membrane and  in Gilson's solution),eggs/gonad,"Love 1990 (multiplied \a\"" by 1000 since units were 1000's of eggs)""",VRG,
Rubberlip.Seaperch,Other,Other,RLS,Rhacochilus toxotes,TRUE,TRUE,TRUE,"Miller and Lea - Mendocino County, northern CA to Baja MEX. Common southward of San Francisco area",Rhacochilus,toxotes,RTOX,Rhacochilus,toxotes,Rubberlip Surfperch,Animalia,Chordata,Actinopterygii,Perciformes,Embiotocidae,10,2.00E-05,3.0787,g,mm,SL,VRG,Miller et al. 2008,0.853,0,TYPICAL,FishBase,SL=0.853*TL,47,,,,,39,27,VRG,macro-invertivore,carnivore,PISCO Fish size_trophic_table,Targeted ,,,,,,,Warm,Moderate,Freedman,discriminant predator,benthopelagic (near the bottom),mobile (10-100m),rock,PISCO species functional groups table,0,,-18.37,0.112,?,SL,,linear F=a+b*L,,,Length_Fecundity from CAMEO Kelpforest database,
Salema,Other,Other,SAL,Xenistius californiensis,FALSE,TRUE,TRUE,"Miller and Lea - Monterey, central CA to Peru. Common from Santa Monica Bay, southern CA southward.",Xenistius,californiensis,,,,,,,,,Haemulidae,,,,,,,,,,,,,,,,,,,,,,planktivore,planktivore,Discoverlife: zooplankton; pelagic fish larvae,Targeted,Fish Base - good food fish with limited interest,,,,,,,,,discriminant predator,benthopelagic (near the bottom),,sand-rock,"Fishbase - demersal, reef associated,occurs among rocks and high up in kelp beds ",,,,,,,,,,,,
Sand.Sole,Other,Other,SSL,Psettichthys melanostictus,TRUE,TRUE,TRUE,"Miller and Lea - AK to La Jolla, southern CA. Common from AK to about Morro Bay, Central CA",Psettichthys,melanostictus,PMEL,Psettichthys,melanostictus,Sand Sole,Animalia,Chordata,Actinopterygii,Pleuronectiformes,Pleuronectidae,10,,,,,,,,,,,,,63,,,,Fishbase,72,30,Fishbase,macro-invertivore,carnivore,Fishbase,Non-targeted,,,,,,,,,,discriminant predator,benthic (on/in the bottom),mobile (>1000m),sand-rock,Fishbase (some info guessed based on similar species),,,,,,,,,,,,
Sanddab.spp.,Other,Other,SDB,,,,,,Citharichthys,spp.,CITH,Citharichthys,spp,Sanddabs,Animalia,Chordata,Actinopterygii,Pleuronectiformes,Paralichthyidae,10,0.00552,3.232454,g,cm,TL,VRG,used Citharichthys sordidus,,,,,,41,,,,,60,23,Biogeography database Fish from Ecol of Marine FIshes Appendix 1-1 (used Citharichthys sordidus),micro-invertivore,carnivore,PISCO Fish size_trophic_table,Targeted,,,,,,,Cool,High,Freedman,discriminant predator,benthic (on/in the bottom),mobile (>1000m),soft,PISCO species functional groups table,0,,,,,,,,,,,
Sarcastic.Fringehead,Other,Other,SRC,Neoclinus blanchardi,TRUE,TRUE,TRUE,"Miller and Lea - Bodega, Bay, northern CA to Baja MEX. Common from Monterey Bay to southern CA",Neoclinus,blanchardi,NBLA,Neoclinus,blanchardi,Sarcastic Fringehead,Animalia,Chordata,Actinopterygii,Perciformes,Chaenopsidae,10,0.009,3.003,g,cm,TL,VRG,Love unpublished- Love 2011,,,,,,30,,,,,37,28,VRG,micro-invertivore,carnivore,VRG,Non-targeted,,,,,,,Warm,Low,Freedman,discriminant predator,benthic (on/in the bottom),mobile (1-10m),rock,PISCO species functional groups table,0,,,,,,,,,,,
Scalyhead.Sculpin,Other,Other,SHS,Artedius harringtoni,TRUE,TRUE,TRUE,"Miller and Lea - AK to San Miguel Island, southern CA. Common as far south as central CA",Artedius,harringtoni,AHAR,Artedius,harringtoni,Scalyhead Sculpin,Animalia,Chordata,Actinopterygii,Scorpaeniformes,Cottidae,3,3.19E-05,2.8831,g,mm,SL,VRG,used Artedius corallinus,0.8414,-0.10798,TYPICAL,used Artedius corallinus,(SL = aTL+b)cm,10,,,,,57,34,VRG,micro-invertivore,carnivore,Love 2011,Non-targeted,,,,,,,,,,discriminant predator,benthic (on/in the bottom),mobile (1-10m),rock,PISCO species functional groups table (used COTT for family traits),0,,,,,,,,,,,
Senorita,Other,Other,SEN,Oxyjulis californica,TRUE,TRUE,TRUE,"Miller and Lea - Salt Point (between Fort Bragg and Bodega Bay), Northern CA to Baja MEX",Oxyjulis,californica,OCAL,Oxyjulis,californica,Senorita,Animalia,Chordata,Actinopterygii,Perciformes,Labridae,10,4.50E-06,3.16,g,mm,TL,VRG,RecFIN,,,,,,25,,,,,38,28,VRG,planktivore,planktivore,PISCO Fish size_trophic_table,Non-targeted,,,,,5,OCALYOY,Warm,High,Freedman,discriminant predator,resident pelagic (upper water column),mobile (10-100m),rock,PISCO species functional groups table,0,,,,,,,,,,,
Sharpnose.Surfperch,Other,Other,SRP,Phanerodon atripes,TRUE,TRUE,TRUE,Miller and Lea - OR to Baja MEX. Common from central CA southward,Phanerodon,atripes,PATR,Phanerodon,atripes,Sharpnose Surfperch,Animalia,Chordata,Actinopterygii,Perciformes,Embiotocidae,10,1.37E-05,2.98,g,mm,TL,VRG,RecFIN,,,,,,29,,,,,38,28,VRG,planktivore,planktivore,VRG,Non-targeted,,,,,,,Eurythermal,Low,Freedman,discriminant predator,benthopelagic (near the bottom),mobile (100-1000m),rock,PISCO species functional groups table,0,,,,,,,,,,,
Silver.Salmon,Other,Other,SLV,Oncorhyncus kisutch,TRUE,TRUE,FALSE,"Miller and Lea - AK to Monterey Bay, central CA some strays as far south as Baja MEX. Common to Monterey Bay",Oncorhynchus,kisutch,OKIS,Oncorhyncus,kisutch,Silver Salmon,Animalia,Chordata,Actinopterygii,Salmoniformes,Salmonidae,10,,,,,,,,,,,,,103,,,,Fishbase,72,22,Fishbase,macro-invertivore,carnivore,Fishbase,Non-targeted,,,,,,,,,,discriminant predator,benthopelagic (near the bottom),mobile (>1000m),sand-rock,Fishbase (some info guessed based on behaviour description),,,,,,,,,,,,
Silversides..Family.Atherinopsidae.,Other,Other,SMT,,,,,,,,,,,,,,,,Atherinopsidae,,,,,,,,,,,,,,,,,,,,,,planktivore,planktivore,Fishbase,,,,,,,,,,,,resident pelagic (upper water column),,sand-rock,Fishbase (some info guessed based on similar species),,,,,,,,,,,,
Soupfin.Shark,Other,Other,SPF,Galeorhinus galeus,TRUE,TRUE,TRUE,Miller and Lea,Galeorhinus,galeus,,,,,,,,,Triakidae,,,,,,,,,,,,,,,,,,,,,,piscivore,carnivore,Fishbase,Targeted,,,,,,,,,,discriminant predator,benthopelagic (near the bottom),,sand-rock,Fishbase (some info guessed based on similar species),,,,,,,,,,,,
Speckled.Sanddab,Other,Other,SSD,Citharichthys stigmaeus,TRUE,TRUE,TRUE,Fishbase - AK to Baja MEX,Citharichthys,stigmaeus,,,,,,,,,Paralichthyidae,,,,,,,,,,,,,,,,,,,,,,micro-invertivore,carnivore,Fishbase ,Targeted,,,,,,,,,,discriminant predator,benthic (on/in the bottom),,sand,,,,,,,,,,,,,
Spiny.Dogfish,Other,Other,SDF,Squalus acanthias,TRUE,TRUE,TRUE,Miller and Lea - Pacific Spiny Dogfish Squalus suckleyi,Squalus,acanthias,,,,,,,,,Squalidae,,,,,,,,,,,,,,,,,,,,,,piscivore/invertivore,carnivore,Fishbase - benthic macro-invertivore and piscivore,?,,,,,,,,,,discriminant predator,benthic (on/in the bottom),,sand-rock,,,,,,,,,,,,,
Squarespot.Rockfish,Other,Other,SQR,Sebastes hopkinsi,TRUE,TRUE,TRUE,Miller and Lea - Common from central CA to Baja MEX,Sebastes,hopkinsi,SHOP,Sebastes,hopkinsi,Squarespot Rockfish,Animalia,Chordata,Actinopterygii,Scorpaeniformes,Sebastidae,10,0.01464,2.96355,g,cm,TL,VRG,Love et al. 2002,,,,,,29,14,TL,(Female L50 - Love 1990) multiple broods per year,VRG,37,29,VRG,planktivore,planktivore,VRG,Targeted,,,,,10,RYOY,Warm,Low,Freedman,discriminant predator,benthopelagic (near the bottom),mobile (100-1000m),rock,PISCO species functional groups table (used SHOPYOY),0,F,4.219,2.7994,cm,TL,1,F=aTL(cm)^b    egg production (Eggs excised from ovarian membrane and  in Gilson's solution),eggs/gonad,"Love 1990 (multiplied \a\"" by 1000 since units were 1000's of eggs)""",VRG,"Check source, CAMEO table says length in SL"
Starry.Rockfish,Other,Other,SRY,Sebastes constellatus,TRUE,TRUE,TRUE,"Miller and Lea - Range Northern, CA to Baja MEX; Common from central CA to Baja MEX",Sebastes,constellatus,,,,,,,,,Sebastidae,,,,,,,,,,,,,,,,,,,,,,piscivore,carnivore,"Love et al. 2002 - Little known about diet; few individuals examined ate krill, benthic crustaceans like shrimps and crabs, and a few small fishes",Targeted,,,,,,,,,,discriminant predator,benthic (on/in the bottom),,rock,Fishbase (some info guessed based on similar species),,,,,,,,,,,,
Striped.Seaperch,Other,Other,SSP,Embiotoca lateralis,TRUE,TRUE,TRUE,Miller and Lea - AK to Baja MEX,Embiotoca,lateralis,ELAT,Embiotoca,lateralis,Striped Surfperch,Animalia,Chordata,Actinopterygii,Perciformes,Embiotocidae,10,1.54E-05,3.01,g,mm,TL,VRG,RecFIN,,,,,,38,,,,,56,31,VRG,piscivore/invertivore,carnivore,PISCO Fish size_trophic_table,Non-targeted,,,,,,,Cool,Moderate,Freedman,discriminant predator,benthopelagic (near the bottom),mobile (10-100m),rock,PISCO species functional groups table,0,,-27.79,0.173,?,SL,?,linear F=a+b*L,,,Length_Fecundity from CAMEO Kelpforest database,
Tiger.Rockfish,Other,Other,TIG,Sebastes nigrocinctus,TRUE,TRUE,TRUE,"Miller and Lea - Range from AK to Tanner and Cortes Banks, southern CA; Common from southern AK to northern, CA",Sebastes,nigrocinctus,,,,,,,,,Sebastidae,,,,,,,,,,,,,,,,,,,,,,piscivore/invertivore,carnivore,Love et al. 2002 - Targeting shrimps and crabs; juvenile rockfishes and grammd amphipods may be important,Targeted,,,,,,,,,,discriminant predator,benthic (on/in the bottom),,rock,Fishbase (some info guessed based on similar species),,,,,,,,,,,,
Top.smelt,Other,Other,TSM,Atherinops affinis,TRUE,TRUE,TRUE,"Miller and Lea - AK to Tanner and Cortes Banks, southern CA. Common from AK to northern CA",Atherinops,affinis,,,,,,,,,Atherinopsidae,,,,,,,,,,,,,,,,,,,,,,planktivore,planktivore,Fishbase,,,,,,,,,,,,resident pelagic (upper water column),,sand-rock,Fishbase (some info guessed based on similar species),,,,,,,,,,,,
Treefish,Treefish,Treefish,TRE,Sebastes serriceps,FALSE,TRUE,TRUE,"Miller and Lea - San Francisco, Ca to Baja MEX. Common from southern CA to northern Baja",Sebastes,serriceps,STRE,Sebastes,serriceps,Treefish,Animalia,Chordata,Actinopterygii,Scorpaeniformes,Sebastidae,10,0.014,3.081,g,cm,TL,VRG,Colton and Larson 2007,,,,,,41,,,,,37,28,VRG,piscivore,piscivore,PISCO Fish size_trophic_table,Targeted,,,,,10,RYOY,Warm,Moderate,Freedman,discriminant predator,benthic (on/in the bottom),mobile (1-10m),rock,PISCO species functional groups table,0,,,,,,,,,,,
Tubesnout,Other,Other,TUB,Aulorhynchus flavidus,TRUE,TRUE,TRUE,Miller and Lea - AK to Baja MEX,Aulorhynchus,flavidus,,,,,,,,,Aulorhynchidae,,,,,,,,,,,,,,,,,,,,,,piscivore/invertivore,carnivore,Fishbase - Feeds on small crustaceans and fish larvae,Non-targeted,,,,,,,,,,discriminant predator,resident pelagic (upper water column),,sand-rock,,,,,,,,,,,,,
UnID.Blue.Rockfish,Other,Other,BID,,,,,,Sebastes,mystinus,,,,,,,,,Sebastidae,,,,,,,,,,,,,,,,,,,,,,planktivore,planktivore,Same as Blue Rockfish for PISCO species functional groups,Targeted,Same as Blue Rockfish for PISCO species functional groups,,,,,,,,,discriminant predator,resident pelagic (upper water column),mobile (>1000m),rock,Same as Blue Rockfish for PISCO species functional groups,,,,,,,,,,,,
Unknown,Other,Other,UNK,,TRUE,TRUE,TRUE,,,,,,,,,,,,,,,,,,,,,,,,,,,,,,,,,,,,,,,,,,,,,,,,,,,,,,,,,,,,,,,
Unknown.rockfish,Other,Other,UKR,,TRUE,TRUE,TRUE,,Sebastes,,,,,,,,,,Sebastidae,,,,,,,,,,,,,,,,,,,,,,piscivore,carnivore,,Targeted,,,,,,,,,,discriminant predator,,,rock,,,,,,,,,,,,,
Vermilion.Rockfish,Vermilion Rockfish,Vermilion Rockfish,VER,Sebastes miniatus,TRUE,TRUE,TRUE,Miller and Lea - Common from central CA to Baja MEX,Sebastes,miniatus,SMIN,Sebastes,miniatus,Vermilion Rockfish,Animalia,Chordata,Actinopterygii,Scorpaeniformes,Sebastidae,10,0.02157,2.92339,g,cm,TL,VRG,Love et al. 1990,,,,,,91,36.5,TL,Lea et al 1999,PISCO SAS code,50,28,VRG,piscivore/invertivore,piscivore,PISCO Fish size_trophic_table,Targeted,,,,,10,RYOY,Cool,High,Freedman,discriminant predator,benthic (on/in the bottom),mobile (10-100m),rock,PISCO species functional groups table,0,F,0.002,5.0228,cm,TL,1,F=aTL(cm)^b    egg production (Eggs excised from ovarian membrane and  in Gilson's solution),eggs/gonad,"Love 1990 (multiplied \a\"" by 1000 since units were 1000's of eggs)""",VRG,"numbers don't match PISCO SAS code or CAMEO table, double check"
White.Croaker,Other,Other,WCR,Genyonemus lineatus,TRUE,TRUE,TRUE,Miller and Lea - CAN to Baja MEX. Patchily common as far north as San Francisco Bay,Genyonemus,lineatus,GLIN,Genyonemus,lineatus,White Croaker,Animalia,Chordata,Actinopterygii,Perciformes,Sciaenidae,10,0.000033,2.804,g,mm,TL,VRG, Issacson 1964,,,,,,41,14,TL,range 13-15 cm,Fishbase,49,24,Fishbase,micro-invertivore,carnivore,Fishbase,Targeted,,,,,,,,,,discriminant predator,benthopelagic (near the bottom),mobile (100-1000m),rock,Fishbase (some info guessed based on behaviour description),,,,,,,,,,,,
White.Seabass,Other,Other,WSB,Atractoscion nobilis,TRUE,TRUE,TRUE,"Miller and Lea - AK to Baja, MEX - Common Monterey Bay to Southern CA",Atractoscion,nobilis,ANOB,Atractoscion,nobilis,White Seabass,Animalia,Chordata,Actinopterygii,Perciformes,Sciaenidae,10,2.97E-05,2.8724,g,mm,SL,VRG,Williams et al. 2013,1.1527,1.1294,REVERSE,Williams et al. 2013,TL= 1.1527 *SL + 11.294,166,,,,,58,24,VRG,piscivore,piscivore,VRG,Targeted,,28,28,28,,,Warm,Moderate,Freedman,discriminant predator,roaming pelagic,mobile (>1000m),none (pelagic),PISCO species functional groups table,1,,,,,,,,,,,
Widow.Rockfish,Other,Other,WID,Sebastes entomelas,TRUE,TRUE,TRUE,Miller and Lea - Common from AK through CA,Sebastes,entomelas,SENT,Sebastes,entomelas,Widow Rockfish,Animalia,Chordata,Actinopterygii,Scorpaeniformes,Sebastidae,10,0.0164,2.942,g,cm,TL,VRG,Love et al. 2002,,,,,,60,35,TL,(Female L50 - Love 1990) one brood per year,VRG,57,32,VRG,planktivore,planktivore,PISCO Fish size_trophic_table,Targeted,,,,,10,RYOY,Cool,Moderate,Freedman,discriminant predator,roaming pelagic,mobile (100-1000m),rock,PISCO species functional groups table,0,F,0.007,4.7165,cm,TL,1,F=aTL(cm)^b    egg production (Eggs excised from ovarian membrane and  in Gilson's solution),eggs/gonad,"Love 1990 (multiplied \a\"" by 1000 since units were 1000's of eggs)""",VRG,
Wolf.Eel,Other,Other,WLF,Anarrhichthys ocellatus,TRUE,TRUE,TRUE,"Miller and Lea - AK to Baja, MEX ",Anarrhichthys,ocellatus,AOCE,Anarrhichthys,ocellatus,Wolf Eel,Animalia,Chordata,Actinopterygii,Perciformes,Anarhichadidae,10,5.03E-06,3.091,g,mm,TL,VRG,RecFIN,,,,,,240,,,,,57,32,VRG,macro-invertivore,carnivore,PISCO Fish size_trophic_table,Non-targeted,,,,,,,Cool,High,Freedman,discriminant predator,benthic (on/in the bottom),mobile (1-10m),rock,PISCO species functional groups table,0,,,,,,,,,,,
Yelloweye.Rockfish,Other,Other,YLE,Sebastes ruberrimus,TRUE,TRUE,TRUE,"Miller and Lea - Common from AK through central, CA and San Miguel Island, Southern CA",Sebastes,ruberrimus,,,,,,,,,Sebastidae,,,,,,,,,,,,,,,,,,,,,,piscivore/invertivore,carnivore,"Love et al. 2002 - Feed on a variety of prey, primarily rockfishes, herring, sandlance, and flatfishes, as well as shrimps and crabs",Non-targeted,,,,,,,,,,discriminant predator,benthic (on/in the bottom),,rock,,,,,,,,,,,,,
Yellowfin.Croaker,Other,Other,YFC,Umbrina roncador,FALSE,FALSE,TRUE,Miller and Lea - Point Conception to Baja MEX,Umbrina,roncador,,,,,,,,,Sciaenidae,,,,,,,,,,,,,,,,,,,,,,piscivore/invertivore,carnivore,"Fishbase - Feed on fishes, crustaceans, marine worms and bivalves ",Targeted,,,,,,,,,,discriminant predator,benthopelagic (near the bottom),,sand,,,,,,,,,,,,,
Yellowtail.Jack,Other,Other,YTJ,Seriola dorsalis,TRUE,TRUE,TRUE,Miller and Lea - CAN to MEX. Common from Southern CA southward.,Seriola,lalandi,SLAL,Seriola,lalandi,Yellowtail,Animalia,Chordata,Actinopterygii,Perciformes,Carangidae,10,3.37E-05,2.85,g,mm,TL,VRG,RecFIN,,,,,,250,,,,,47,30,VRG,piscivore,piscivore,PISCO Fish size_trophic_table,Targeted,,24,28,24,,,Warm,Moderate,Freedman,discriminant predator,roaming pelagic,mobile (>1000m),none (pelagic),PISCO species functional groups table,1,,97.36,0.0032,mm,SL,?,exponential F=a*exp^(b*L),,,Length_Fecundity from CAMEO Kelpforest database,
Yellowtail.Rockfish,Yellowtail Rockfish,Yellowtail Rockfish,YTL,Sebastes flavidus,TRUE,TRUE,TRUE,"Miller and Lea - Common from AK to San Miguel Island, CA",Sebastes,flavidus,SFLA,Sebastes,flavidus,Yellowtail Rockfish,Animalia,Chordata,Actinopterygii,Scorpaeniformes,Sebastidae,10,0.0287,2.822,g,cm,TL,VRG,Love 2011,,,,,,66,36,TL,range 27-42 cm,Fishbase,62,32,Fishbase,piscivore/invertivore,carnivore,Fishbase,Targeted,,,,,10,OYB,,,,discriminant predator,resident pelagic (upper water column),mobile (100-1000m),rock,Fishbase (some info guessed based on similar species),,,-18.232,5.173,mm,FL,0.974(TL)-1.906,10^a+b*log(FL),,Beyer et al. 2014,,
,,,,,,,,,,,,,,,,,,,,,,,,,,,,,,,,,,,,,,,,,,,,,,,,,,,,,,,,,,,,,,,,,,,,,,
,,,,,,,,,,,,,,,,,,,,,,,,,,,,,,,,,,,,,,,,,,,,,,,,,,,,,,,,,,,,,,,,,,,,,,
,,,,,,,,,,,,,,,,,,,,,,,,,,,,,,,,,,,,,,,,,,,,,,,,,,,,,,,,,,,,,,,,,,,,,,
,,,,,,,,,,,,,,,,,,,,,,,,,,,,,,,,,,,,,,,,,,,,,,,,,,,,,,,,,,,,,,,,,,,,,,
,,,,,,,,,,,,,,,,,,,,,,,,,,,,,,,,,,,,,,,,,,,,,,,,,,,,,,,,,,,,,,,,,,,,,,
,,,,,,,,,,,,,,,,,,,,,,,,,,,,,,,,,,,,,,,,,,,,,,,,,,,,,,,,,,,,,,,,,,,,,,
,,,,,,,,,,,,,,,,,,,,,,,,,,,,,,,,,,,,,,,,,,,,,,,,,,,,,,,,,,,,,,,,,,,,,,
,,,,,,,,,,,,,,,,,,,,,,,,,,,,,,,,,,,,,,,,,,,,,,,,,,,,,,,,,,,,,,,,,,,,,,